mean_dwell_time,flight_time_jitter,typing_velocity,correction_rate,burst_ratio,max_burst_length,bulk_event_ratio,mean_cursor_jump,event_entropy,human_pct,paste_pct,ai_pct
66.675,430.3692243,3.004051977,0,0.075,2,0.05,1.025641026,0.453183732,88.37,0,0
66.325,485.2524033,2.609698367,0,0.075,2,0.05,1.025641026,0.453183732,90.7,0,0
66.45,477.760105,2.663622527,0,0.05,2,0.05,1,0.286396957,90.48,0,0
69.725,622.4158264,2.069661787,0,0.025,2,0,1.076923077,0.168660931,100,0,0
71.05,554.9191203,2.18579235,0.025,0.025,2,0,1.025641026,0.336396957,100,0,0
66.975,555.6686657,2.189001602,0.025,0.05,2,0.025,1.025641026,0.503183732,95.12,0,0
69.225,566.6170212,2.027907875,0.025,0.075,2,0.025,1.076923077,0.618995594,95.24,0,0
66.575,572.4123441,1.874863745,0.025,0.1,2,0.025,1.102564103,0.714933268,95.35,0,0
66.5,418.5071692,2.387856046,0.025,0.075,2,0.025,1.025641026,0.618995594,95.24,0,0
67.25,414.7515011,2.023321442,0.125,0.075,2,0.025,1,0.981687083,94.74,0,0
72.975,458.361628,2.103365385,0.125,0.075,6,0,1.102564103,0.912814895,100,0,0
69.35,389.910436,2.376641014,0.125,0.075,6,0.025,1.051282051,0.981687083,95.24,0,0
66.85,339.0488496,2.624191383,0.125,0.1,6,0.075,1.025641026,1.073312755,86.05,0,0
67.475,329.8525506,2.66815587,0.125,0.1,6,0.075,1.025641026,1.073312755,86.05,0,0
66.15,340.5578898,3.265142933,0,0.125,6,0.1,1.128205128,0.633805455,83.67,0,0
66.2,589.971792,2.542944626,0,0.125,6,0.1,1.230769231,0.633805455,83.67,0,0
69.35,589.3069022,2.491953068,0,0.1,6,0.075,1.230769231,0.550123406,87.5,0,0
73.1,859.2669024,2.149449994,0,0.075,6,0.025,1.358974359,0.453183732,96.08,0,0
72.875,871.3258829,2.193142774,0,0.1,10,0.025,1.58974359,0.550123406,96.67,0,0
70.3,874.2692329,2.279266151,0,0.125,10,0.05,1.58974359,0.664933268,93.44,0,0
70.525,876.0170496,2.169701666,0,0.1,10,0.05,1.358974359,0.568995594,92.86,0,0
67.875,881.0112455,2.281616688,0,0.1,10,0.05,1.358974359,0.568995594,92.86,0,0
66.075,693.9207281,2.531756078,0.1,0.125,10,0.075,2.230769231,1.113553767,87.93,0,0
66.5,758.4045653,2.301401389,0.15,0.125,10,0.075,2.076923077,1.243275311,87.5,0,0
72.55,752.4031921,2.11143695,0.15,0.075,10,0.025,2.076923077,1.044681579,94.44,0,0
71.275,579.279012,2.884312047,0.15,0.125,10,0.05,2.307692308,1.243275311,92.19,0,0
69.375,589.7383079,2.828177348,0.15,0.15,10,0.075,2.307692308,1.331290899,89.23,0,0
70.25,512.8154564,2.892813642,0.075,0.1,10,0.05,1.230769231,0.941430759,92.98,0,0
72.45,709.0651556,2.690915839,0.05,0.1,10,0.05,1.358974359,0.84758468,93.1,0,0
71.65,871.5728455,2.727235723,0.05,0.125,10,0.05,1.564102564,0.941430759,94.03,0,0
68.05,908.098972,2.336448598,0.05,0.125,10,0.075,1.333333333,0.941430759,89.83,0,0
70.15,903.0794862,2.155252499,0.05,0.1,10,0.05,1.333333333,0.84758468,93.1,0,0
69.675,917.5940097,2.21921312,0.025,0.1,10,0.05,1.384615385,0.733805455,93.22,0,0
65.725,686.1858045,2.876318313,0,0.075,10,0.05,1.230769231,0.453183732,92.16,0,0
62.625,605.1029559,2.073588272,0,0.075,2,0.075,1,0.384311544,86.05,0,0
65.675,1159.569836,1.467943778,0.025,0.025,2,0.025,1.051282051,0.336396957,95,0,0
64.825,1173.781904,1.523809524,0.025,0.025,2,0.025,1.076923077,0.336396957,95,0,0
66.45,1175.298625,1.40615749,0.075,0.025,2,0.025,1.025641026,0.550123406,94.74,0,0
66.475,1754.356628,1.264189886,0.1,0.075,10,0.05,1.256410256,0.910302946,87.76,0,0
70,330.7005143,3.830863751,0.025,0.15,6,0.1,1.461538462,0.910302946,67.92,0,0
67.8,381.1000062,3.792134831,0,0.15,6,0.1,1.512820513,0.74758468,70.37,0,0
71.9,333.1716957,3.695259061,0.05,0.125,6,0.075,1.230769231,0.941430759,76.6,0,0
71.8,415.8433353,3.28635069,0.075,0.1,6,0.075,1.153846154,0.922558571,75.56,0,0
70.475,468.19425,2.665422803,0.075,0.075,2,0.05,0.974358974,0.828712492,87.5,0,0
71.325,456.905561,2.351485149,0.1,0.05,2,0.025,0.923076923,0.79758468,92.11,0,0
67.6,456.6881833,2.182672935,0.125,0.1,2,0.075,0.871794872,1.073312755,82.05,0,0
61.925,465.1371896,2.269456438,0.075,0.1,2,0.075,0.923076923,0.922558571,85.37,0,0
62.8,384.4547221,2.491694352,0.05,0.1,2,0.075,0.974358974,0.828712492,85.71,0,0
62.525,444.8553777,2.267573696,0.05,0.1,2,0.075,1.025641026,0.828712492,85.71,0,0
63.575,466.2418873,2.224929809,0.025,0.075,2,0.05,1.051282051,0.618995594,90.48,0,0
66.075,458.7317494,2.27588121,0,0.025,2,0,1.102564103,0.168660931,100,0,0
68.7,451.8053359,2.010516548,0.05,0.025,2,0,1.051282051,0.453183732,100,0,0
68.625,493.7905446,1.830298479,0.05,0.025,2,0,1.051282051,0.453183732,100,0,0
69.125,394.6847622,2.063391987,0.1,0,1,0,0.897435897,0.468995594,100,0,0
71,354.4326769,2.249016055,0.1,0,1,0,0.897435897,0.468995594,100,0,0
69.75,386.9209685,2.359108781,0.1,0,1,0,0.897435897,0.468995594,100,0,0
69.55,837.0313074,2.182919767,0.05,0.05,11,0.025,1.230769231,0.618995594,77.55,0,0
71.05,836.967242,2.15369106,0.1,0.05,11,0.025,1.205128205,0.79758468,76.6,0,0
69.6,869.2373374,1.976897434,0.05,0.1,11,0.05,1.282051282,0.84758468,74.51,0,0
67.75,875.7116487,2.189311011,0.05,0.1,11,0.05,1.282051282,0.84758468,74.51,0,0
68.7,855.2045905,2.19613143,0.05,0.125,11,0.075,1.282051282,0.941430759,71.15,0,0
68.65,533.9660216,2.761135712,0.05,0.125,8,0.075,1.205128205,0.941430759,77.36,0,0
66.225,542.2838214,2.839735646,0,0.125,8,0.075,1.435897436,0.664933268,78.18,0,0
65,473.6795675,3.123373243,0,0.1,8,0.075,1.384615385,0.550123406,77.78,0,0
69.25,1005.809264,2.20030349,0.025,0.125,8,0.075,1.41025641,0.828712492,79.31,0,0
65.725,1005.554433,2.13358406,0.025,0.15,8,0.1,1.41025641,0.910302946,76.27,0,0
66.975,973.7291994,2.078726227,0.025,0.1,6,0.075,1.025641026,0.714933268,87.23,0,0
67.8,960.4594223,2.049984734,0.025,0.1,6,0.075,1.025641026,0.714933268,87.23,0,0
70.525,1021.231978,1.748052442,0.025,0.075,6,0.05,1.051282051,0.618995594,91.3,0,0
68.875,1021.221513,1.915464181,0.05,0.075,6,0.05,0.974358974,0.733805455,91.11,0,0
71.875,625.0932566,1.803638645,0.025,0.175,2,0.05,1.025641026,0.981687083,89.13,0,0
69.25,635.0692674,1.916856356,0.025,0.225,2,0.1,1.051282051,1.151519136,83.33,0,0
66.75,646.9899293,1.721990181,0.025,0.2,2,0.1,1.025641026,1.082425954,82.98,0,0
74.675,712.5438354,1.45799727,0.025,0.2,2,0.05,1.025641026,1.044681579,91.49,0,0
73.9,1095.523396,1.421872637,0,0.175,2,0.05,1.076923077,0.820061935,91.49,0,0
70.95,1095.125441,1.460897675,0,0.175,2,0.05,1.076923077,0.820061935,91.49,0,0
71.725,1112.039932,1.245123267,0.025,0.15,2,0.05,1,0.910302946,91.11,0,0
68.125,1092.499346,1.184483269,0.025,0.125,2,0.05,0.974358974,0.828712492,90.91,0,0
67.45,1062.530259,1.574389924,0.075,0.125,2,0.05,0.974358974,1.03418372,90.48,0,0
66.45,579.2423605,1.539476578,0.075,0.125,2,0.05,0.948717949,1.03418372,90.48,0,0
67.675,573.0177286,1.588650386,0.075,0.15,2,0.075,0.948717949,1.125809392,86.05,0,0
66.1,589.3208847,1.659975293,0.05,0.125,2,0.05,1,0.941430759,90.7,0,0
66.4,552.9614815,1.982871366,0.075,0.15,6,0.075,1.179487179,1.125809392,78.72,0,0
63.95,484.5634243,2.673967021,0.025,0.075,2,0.075,0.948717949,0.550123406,83.33,0,0
67.45,494.676791,2.404279618,0.05,0.05,2,0.05,0.897435897,0.568995594,90,0,0
72.8,1941.864998,1.169086882,0.075,0.025,2,0,1,0.550123406,100,0,0
73.8,1931.404115,1.041723779,0.1,0.05,2,0,1,0.74758468,100,0,0
77.875,1912.831037,0.970028603,0.1,0.075,2,0,1.025641026,0.841430759,100,0,0
79.075,1900.023617,1.050019091,0.125,0.125,6,0,1.102564103,1.061278124,100,0,0
78.125,1901.977808,1.546205218,0.1,0.175,6,0.05,1.153846154,1.259650862,91.49,0,0
74.025,414.2507285,2.292701567,0.05,0.15,6,0.05,1.102564103,1.021928095,91.67,0,0
72.925,455.0195931,2.451236049,0.05,0.125,6,0.05,1.051282051,0.941430759,91.49,0,0
69.925,632.3358386,2.651868585,0.1,0.15,6,0.05,1.307692308,1.191760148,92.59,0,0
66.9,662.2574442,2.230821762,0.075,0.1,6,0.05,1.205128205,0.941430759,91.84,0,0
69.425,662.8508355,2.362562472,0.075,0.075,6,0,1.333333333,0.759840305,100,0,0
66.325,833.256275,1.855861429,0.075,0.125,6,0.05,1.333333333,1.03418372,92.59,0,0
65.425,800.7999702,1.954326662,0.075,0.125,6,0.05,1.333333333,1.03418372,92.59,0,0
65.75,695.0266509,2.003740315,0.05,0.075,6,0.05,1.025641026,0.733805455,91.11,0,0
67.725,697.9718232,2.187793008,0.075,0.1,6,0.05,1.153846154,0.941430759,91.84,0,0
64.825,701.7315941,2.21878009,0.125,0.15,6,0.075,1.256410256,1.271906486,88.68,0,0
69.625,456.0820826,3.031779546,0.125,0.125,6,0.025,1.384615385,1.151519136,96.43,0,0
68.375,511.025663,2.8937172,0.1,0.175,6,0.075,1.435897436,1.281019686,89.83,0,0
68.225,508.3574196,2.79798545,0.075,0.175,6,0.075,1.487179487,1.204015773,90,0,0
65.5,533.6115406,2.682497801,0.05,0.175,6,0.075,1.41025641,1.113553767,90.16,0,0
65.425,2051.810144,1.59297887,0,0.125,6,0.075,1.307692308,0.664933268,88.68,0,0
66.925,2128.597651,1.475590236,0,0.15,7,0.075,1.487179487,0.759840305,89.83,0,0
69.675,2127.78288,1.473063973,0.025,0.1,7,0.025,1.435897436,0.714933268,96.43,0,0
68.35,2302.387049,1.294588159,0.05,0.125,7,0.05,1.41025641,0.941430759,92.86,0,0
71.1,2347.99349,1.603494512,0.1,0.125,10,0.05,1.461538462,1.113553767,93.1,0,0
75.1,1349.297917,1.373053819,0.125,0.1,10,0.025,1.384615385,1.073312755,96.43,0,0
76.15,1220.299456,1.448225923,0.2,0.075,10,0.025,1.230769231,1.149891873,96,0,0
74.725,1215.880439,1.621753115,0.175,0.125,10,0.05,1.512820513,1.296620351,93.33,0,0
76.025,808.9737845,2.221442769,0.15,0.15,10,0.025,1.717948718,1.278794262,97.37,0,0
62.225,277.2985883,3.822131071,0,0.025,2,0.025,1.025641026,0.168660931,95.12,0,0
66.65,339.3021109,3.304692664,0,0,1,0,1,0,100,0,0
68.1,336.9978315,3.287255563,0.025,0,1,0,0.974358974,0.168660931,100,0,0
67.925,334.4268883,3.201970443,0.025,0,1,0,0.948717949,0.168660931,100,0,0
66.375,462.8043219,2.6939283,0.025,0,1,0,0.948717949,0.168660931,100,0,0
70.425,469.4705447,2.687616291,0.025,0,1,0,0.948717949,0.168660931,100,0,0
71.575,421.763057,2.729181246,0.025,0,1,0,0.948717949,0.168660931,100,0,0
70.225,430.4678545,2.670226969,0,0,1,0,1,0,100,0,0
71.35,428.0835042,2.483854943,0,0,1,0,1,0,100,0,0
71.325,295.0698212,2.681333792,0.025,0,1,0,0.948717949,0.168660931,100,0,0
70.375,541.9130873,2.33337322,0.025,0,1,0,0.948717949,0.168660931,100,0,0
70.7,561.1841732,2.297631672,0.025,0,1,0,0.948717949,0.168660931,100,0,0
73.45,594.3486825,2.221259075,0.025,0.05,2,0.025,1,0.503183732,95.12,0,0
71.2,773.2020269,1.680178099,0.05,0.05,2,0.025,0.948717949,0.618995594,95,0,0
72.75,767.8501974,1.737694948,0.05,0.05,2,0.025,0.948717949,0.618995594,95,0,0
72.975,915.5893772,1.51194436,0.05,0.05,2,0.025,0.948717949,0.618995594,95,0,0
71.2,914.5626165,1.396331799,0.125,0.05,2,0.025,0.897435897,0.870061935,94.59,0,0
69.1,793.0153388,2.013495864,0.1,0.025,2,0.025,0.948717949,0.633805455,94.59,0,0
71.025,581.8802145,2.602335068,0.075,0,1,0,0.948717949,0.384311544,100,0,0
70.2,586.1407894,2.482587408,0.1,0,1,0,0.923076923,0.468995594,100,0,0
68.725,242.7200759,2.665589661,0.175,0,1,0,0.846153846,0.669015835,100,0,0
69.825,402.0587715,2.212249542,0.125,0,1,0,0.846153846,0.543564443,100,0,0
71.325,409.0514324,2.051342164,0.125,0,1,0,0.846153846,0.543564443,100,0,0
71.775,422.7939358,1.969279244,0.125,0,1,0,0.846153846,0.543564443,100,0,0
70.7,417.114077,2.079963023,0.1,0,1,0,0.897435897,0.468995594,100,0,0
69.175,424.9801194,2.164882102,0.075,0,1,0,0.923076923,0.384311544,100,0,0
64.625,1011.867611,1.693002257,0,0.125,5,0.1,1.282051282,0.633805455,75,0,0
63.8,1075.528183,1.655572035,0,0.125,5,0.1,1.282051282,0.633805455,77.08,0,0
70.1,880.959104,1.838495262,0.075,0.05,2,0.025,1.025641026,0.714933268,94.87,0,0
66.425,813.4046506,1.869333583,0.075,0.075,2,0.05,1,0.828712492,87.5,0,0
65.775,829.9489496,1.640870992,0.15,0.075,2,0.05,0.948717949,1.044681579,86.49,0,0
67.05,769.5292917,1.935247659,0.15,0.075,2,0.05,0.897435897,1.044681579,86.49,0,0
68.8,1242.918377,2.399971344,0.25,0.1,35,0.075,1.487179487,1.317288067,40.3,0,0
69.4,1376.165117,2.231929343,0.2,0.125,35,0.075,1.897435897,1.343506843,42.86,0,0
75.025,1381.092912,2.161268792,0.2,0.075,35,0.025,1.948717949,1.149891873,48.53,0,0
73.2,1420.468456,2.004845042,0.125,0.1,35,0.05,2,1.092184942,48.61,0,0
71.825,1316.696166,2.1324953,0.125,0.1,35,0.05,2.051282051,1.092184942,51.32,0,0
69.725,848.5105185,1.790215922,0.1,0.125,6,0.05,1.461538462,1.113553767,91.84,0,0
68.925,614.3689064,1.851292126,0.075,0.1,6,0.05,1.128205128,0.941430759,91.84,0,0
66.925,596.6543904,1.810675744,0.075,0.125,6,0.075,1.128205128,1.03418372,88,0,0
67.675,478.9842183,2.108633683,0.075,0.125,6,0.05,1.256410256,1.03418372,92.59,0,0
64.95,514.4911726,2.274359588,0.1,0.175,6,0.1,1.230769231,1.281019686,82.46,0,0
63.425,590.314101,2.28917442,0.025,0.175,8,0.125,1.461538462,0.981687083,70.97,0,0
61.75,617.1601629,2.249529949,0.025,0.2,8,0.125,1.58974359,1.073312755,73.13,0,0
62.05,1251.351015,2.14022772,0.075,0.25,8,0.125,1.794871795,1.41302482,76,0,0
59.475,1247.013885,2.083876009,0.075,0.275,8,0.175,1.666666667,1.456482979,69.44,0,0
62.525,1284.590837,1.880527723,0.05,0.2,8,0.125,1.58974359,1.182646949,75,0,0
66.775,1330.290329,1.577478461,0.175,0.175,6,0.075,1.358974359,1.456482979,88.46,0,0
67.85,240.5016978,6.828780813,0,0.025,2,0.025,1.025641026,0.168660931,85.37,0,0
69.025,166.9143781,7.891102782,0,0,1,0,1,0,85,0,0
66.425,166.2871397,8.359456635,0,0,1,0,1,0,87.5,0,0
68.75,240.3998259,6.044035113,0,0.05,2,0.025,1.051282051,0.336396957,85.71,0,0
68.65,220.824038,6.768734891,0,0.05,2,0.025,1.051282051,0.336396957,88.1,0,0
67.975,268.1152534,5.625502277,0,0.05,2,0.025,1.051282051,0.336396957,85.71,0,0
66.375,258.0642685,6.273338312,0,0.05,2,0.025,1.051282051,0.336396957,85.71,0,0
69.35,374.5411415,5.099562895,0,0.05,2,0.025,1.051282051,0.336396957,78.57,0,0
69.475,338.5944704,5.911038865,0,0,1,0,1,0,80,0,0
70,343.0004074,5.407597675,0,0,1,0,1,0,77.5,0,0
70.05,325.015257,5.375621556,0,0,1,0,1,0,80,0,0
69.875,593.579882,3.232323232,0,0,1,0,1,0,82.5,0,0
67.375,536.8054791,3.743215422,0,0,1,0,1,0,87.5,0,0
68.25,541.8216893,3.600360036,0,0,1,0,1,0,87.5,0,0
66.825,539.191393,3.600360036,0,0,1,0,1,0,92.5,0,0
65.8,530.9752034,3.822264692,0,0,1,0,1,0,92.5,0,0
67.675,225.1307256,5.234231876,0,0,1,0,1,0,95,0,0
69.925,332.0216156,4.275679528,0,0.05,2,0.025,1.051282051,0.336396957,92.86,0,0
69.675,318.589902,4.028390562,0,0.05,2,0.025,1.051282051,0.336396957,95.24,0,0
68.975,319.6114618,4.024144869,0,0.05,2,0.025,1.051282051,0.336396957,95.24,0,0
67.075,327.249595,4.269594389,0,0.05,2,0.025,1.051282051,0.336396957,95.24,0,0
64.3,301.5363981,5.026328387,0,0.05,2,0.025,1.051282051,0.336396957,92.86,0,0
65.475,196.1015893,4.988153136,0,0,1,0,1,0,95,0,0
64.65,197.6618438,5.091001655,0,0,1,0,1,0,95,0,0
69.7,180.8444561,5.671600498,0,0.025,2,0.025,1.025641026,0.168660931,92.68,0,0
74,177.5983368,6.04869197,0,0,1,0,1,0,97.5,0,0
72.125,174.1280677,6.142506143,0,0,1,0,1,0,97.5,0,0
69.175,188.1586466,5.793742758,0,0,1,0,1,0,95,0,0
67.5,203.6156447,5.567153793,0,0,1,0,1,0,95,0,0
67.625,237.0553922,5.46597431,0,0,1,0,1,0,95,0,0
66.725,261.0241651,5.309264667,0,0,1,0,1,0,92.5,0,0
68.225,256.8801177,5.110514884,0,0,1,0,1,0,92.5,0,0
71.475,252.4309248,5.057529397,0,0,1,0,1,0,92.5,0,0
70.175,241.9784691,4.862039626,0,0,1,0,1,0,90,0,0
69.4,229.6274798,4.790419162,0,0,1,0,1,0,85,0,0
68.725,253.564188,4.046944557,0,0,1,0,1,0,87.5,0,0
66.975,256.3958666,4.08997955,0,0,1,0,1,0,85,0,0
66.95,313.3445347,3.365303719,0,0,1,0,1,0,87.5,0,0
67.975,401.9523819,3.161698284,0,0.05,2,0.025,1.051282051,0.336396957,83.33,0,0
66.225,423.4573625,2.743484225,0,0.05,2,0.025,1.051282051,0.336396957,88.1,0,0
65.225,412.9747338,3.102836879,0,0.05,2,0.025,1.051282051,0.336396957,83.33,0,0
65.55,419.9027291,3.167659703,0,0.05,2,0.025,1.051282051,0.336396957,80.95,0,0
62.9,403.8264415,3.516998828,0,0.05,2,0.025,1.051282051,0.336396957,76.19,0,0
63.375,668.5884475,3.133322889,0,0,1,0,1,0,85,0,0
64.325,645.1072456,3.52640395,0,0,1,0,1,0,85,0,0
65.45,651.447666,3.272786778,0,0,1,0,1,0,90,0,0
63.875,670.3492316,2.902125807,0,0,1,0,1,0,95,0,0
65.65,608.6394237,2.680596605,0.025,0,1,0,0.948717949,0.168660931,97.44,0,0
63.45,624.6945182,2.540716612,0.025,0,1,0,0.948717949,0.168660931,100,0,0
66.575,296.6149667,3.41476228,0.025,0,1,0,0.948717949,0.168660931,100,0,0
65.4,274.1621163,3.514780101,0.025,0,1,0,0.948717949,0.168660931,100,0,0
67.525,274.1713845,3.824091778,0,0,1,0,1,0,100,0,0
71.7,624.5597916,2.521231423,0.05,0,1,0,0.948717949,0.286396957,100,0,0
71.175,603.7998819,2.820455726,0.05,0,1,0,0.948717949,0.286396957,100,0,0
70.825,613.080559,2.603988214,0.05,0,1,0,0.948717949,0.286396957,100,0,0
70.975,611.796836,2.587322122,0.05,0,1,0,0.948717949,0.286396957,100,0,0
71.125,626.2355986,2.477991523,0.05,0,1,0,0.948717949,0.286396957,100,0,0
71.525,281.8611212,3.845414343,0,0,1,0,1,0,100,0,0
70.75,284.0330775,3.81424621,0,0,1,0,1,0,100,0,0
72.125,262.2429633,3.584923941,0.075,0,1,0,0.948717949,0.384311544,100,0,0
72,284.2931845,3.685258964,0.075,0,1,0,0.948717949,0.384311544,100,0,0
74.25,400.3028213,2.819752729,0.075,0.05,2,0,1,0.664933268,100,0,0
73.575,397.4516057,2.815477909,0.075,0.05,2,0,1,0.664933268,100,0,0
75.25,402.9368978,2.620396601,0.125,0.05,2,0,0.948717949,0.820061935,100,0,0
73.65,398.7550619,2.945174445,0.075,0.05,2,0,0.948717949,0.664933268,100,0,0
74.2,556.2766237,2.603827627,0.075,0.075,2,0,0.974358974,0.759840305,100,0,0
70.925,450.0465154,3.121149897,0.075,0.025,2,0,0.923076923,0.550123406,100,0,0
70.475,449.1137534,3.124743031,0.075,0.025,2,0,0.923076923,0.550123406,100,0,0
68.1,454.6415036,2.998264163,0.075,0.025,2,0,0.923076923,0.550123406,100,0,0
65.175,467.1862302,2.925511965,0.05,0.025,2,0,0.974358974,0.453183732,100,0,0
67.225,231.2979528,3.497468937,0.05,0,1,0,0.948717949,0.286396957,100,0,0
67.275,226.9188816,3.395282345,0.05,0,1,0,0.948717949,0.286396957,100,0,0
66.05,230.4760903,3.471270668,0.05,0,1,0,0.974358974,0.286396957,100,0,0
67.7,230.264217,3.555555556,0,0,1,0,1,0,100,0,0
71.575,198.7683809,3.983666965,0,0,1,0,1,0,100,0,0
69.4,497.3726812,2.62605042,0.025,0.025,2,0,1,0.336396957,100,0,0
72.575,496.0831189,2.568017768,0.1,0.025,2,0,0.923076923,0.633805455,100,0,0
76.65,492.5478234,2.584159799,0.1,0.025,2,0,0.923076923,0.633805455,100,0,0
77.075,586.8418468,2.195324552,0.1,0.025,2,0,0.923076923,0.633805455,100,0,0
75.2,587.1613017,2.28663247,0.1,0.025,2,0,0.923076923,0.633805455,100,0,0
76.85,403.8414888,2.79857802,0.075,0,1,0,0.923076923,0.384311544,97.3,0,0
76.25,432.238111,2.799160252,0,0,1,0,1,0,97.5,0,0
73.7,834.2576613,1.706484642,0.075,0,1,0,1.102564103,0.384311544,97.3,0,0
73.45,783.8533337,1.736355531,0.075,0,1,0,1.102564103,0.384311544,97.3,0,0
76.45,910.5268942,1.411377269,0.125,0.025,2,0,1.051282051,0.707343668,97.22,0,0
73.85,915.8686752,1.446945338,0.125,0.025,2,0,1.025641026,0.707343668,100,0,0
69.325,911.9982706,1.504073532,0.125,0.025,2,0,1.025641026,0.707343668,100,0,0
67.5,587.0199397,2.464143552,0.05,0.025,2,0,0.923076923,0.453183732,100,0,0
67.775,575.694296,2.704952143,0.05,0.025,2,0,0.923076923,0.453183732,100,0,0
66.325,312.5047856,3.915426782,0,0,1,0,1,0,100,0,0
67.2,305.0849808,3.773584906,0,0,1,0,1,0,100,0,0
69.05,316.3170665,3.505696757,0,0,1,0,1,0,100,0,0
73.3,288.6288496,3.465603881,0,0,1,0,1,0,97.5,0,0
73,291.5349783,3.084466941,0.025,0,1,0,0.948717949,0.168660931,100,0,0
75.575,289.9450158,2.795899348,0.025,0,1,0,0.948717949,0.168660931,100,0,0
76.225,352.7221613,2.635135135,0.025,0,1,0,0.948717949,0.168660931,100,0,0
75.95,409.3313176,2.924736774,0.025,0.05,6,0.025,1.076923077,0.503183732,84.44,0,0
76.175,404.0412013,3.334299797,0.025,0.075,6,0.025,1.102564103,0.618995594,78.26,0,0
76.125,407.0994957,3.765120564,0,0.075,6,0.025,1.153846154,0.453183732,78.72,0,0
76.55,419.8784897,3.91868724,0,0.1,6,0.025,1.179487179,0.550123406,75,0,0
73.475,365.1761219,4.469689915,0,0.1,6,0.025,1.179487179,0.550123406,75,0,0
73.125,290.0542821,4.839617333,0,0.075,2,0.025,1.051282051,0.453183732,83.72,0,0
67.95,235.2679201,4.822790489,0,0.075,2,0.05,1.025641026,0.453183732,86.05,0,0
68.225,248.0688891,4.600104548,0,0.1,2,0.05,1.051282051,0.568995594,86.36,0,0
70.525,246.231899,4.210140948,0,0.125,3,0.05,1.076923077,0.664933268,91.3,0,0
70.7,287.4337382,4.16925397,0,0.15,3,0.075,1.128205128,0.759840305,85.11,0,0
73.075,271.0931858,4.208985269,0,0.125,3,0.05,1.128205128,0.664933268,86.96,0,0
74.725,338.4478712,3.379139446,0.025,0.125,3,0.05,1.076923077,0.828712492,86.67,0,0
72.8,369.495178,3.078430001,0.025,0.1,3,0.05,1.051282051,0.733805455,86.36,0,0
74.075,443.9258312,2.762430939,0.1,0.1,3,0.05,0.974358974,1.021928095,85.71,0,0
76.975,453.6850257,2.424744219,0.125,0.1,3,0.025,1,1.073312755,92.68,0,0
78.825,469.9975443,2.348993289,0.125,0.125,3,0.025,1.025641026,1.151519136,90.48,0,0
80.2,454.91773,2.501340004,0.1,0.1,3,0,1.076923077,0.921928095,95.24,0,0
78.675,423.4530338,2.666328085,0.1,0.1,3,0,1.076923077,0.921928095,95.24,0,0
72.7,330.1054911,3.329814018,0.025,0.05,2,0,1.025641026,0.453183732,92.68,0,0
70.675,292.7933539,3.695881732,0,0.05,2,0.025,1.025641026,0.336396957,88.1,0,0
66.375,1231.383783,2.246251894,0,0.075,2,0.025,1.076923077,0.453183732,93.02,0,0
67.9,1255.790975,2.164182775,0,0.1,2,0.025,1.102564103,0.550123406,93.18,0,0
71.95,1261.347798,2.068204798,0,0.125,2,0.025,1.128205128,0.633805455,91.11,0,0
72.625,1265.223693,1.982029598,0,0.125,2,0.025,1.128205128,0.633805455,93.33,0,0
72.95,1261.438454,2.83779426,0,0.1,2,0,1.102564103,0.468995594,97.73,0,0
74.15,489.7108933,2.472340689,0.05,0.05,2,0,1,0.568995594,97.5,0,0
71.275,399.543252,3.084466941,0.05,0.025,2,0,0.974358974,0.453183732,97.44,0,0
69.925,371.0006142,3.276808389,0.05,0.025,3,0,0.948717949,0.453183732,100,0,0
65.675,543.5310095,2.835965195,0,0.1,2,0.05,1.051282051,0.568995594,88.64,0,0
66.1,611.1034975,2.435244631,0.025,0.125,2,0.05,1.076923077,0.828712492,90.91,0,0
64.775,574.931264,2.674988854,0.025,0.075,2,0.05,1.025641026,0.618995594,90.48,0,0
67.975,509.0028153,2.74517878,0.025,0.025,2,0,1.025641026,0.336396957,100,0,0
65.975,541.7050574,2.080776823,0.075,0.05,2,0.025,0.923076923,0.714933268,94.87,0,0
68.925,480.9007467,2.15424386,0.075,0.075,2,0.025,0.948717949,0.828712492,95,0,0
69.15,376.7020825,2.439329497,0.075,0.05,2,0.025,0.871794872,0.714933268,94.87,0,0
71.6,432.0457293,2.297562342,0.075,0.1,2,0.025,0.923076923,0.922558571,95.12,0,0
72.425,447.6889488,2.116828789,0.075,0.125,2,0.025,0.948717949,1.003055907,95.24,0,0
73,451.1944262,2.3861051,0.025,0.1,2,0,1.051282051,0.633805455,100,0,0
72.1,435.819622,2.204828575,0.075,0.075,2,0,0.948717949,0.759840305,100,0,0
70.75,497.0643048,2.15189209,0.075,0.1,2,0.025,0.923076923,0.922558571,95.12,0,0
66.325,447.976647,2.288074111,0.075,0.1,2,0.075,0.871794872,0.922558571,85.37,0,0
66.025,462.2128797,2.346178662,0.075,0.075,2,0.075,0.846153846,0.759840305,85,0,0
65.05,507.7013299,2.435836502,0.075,0.1,2,0.1,0.871794872,0.841430759,80.49,0,0
65.9,616.1784935,2.209944751,0.025,0.125,2,0.1,1.076923077,0.79758468,81.82,0,0
66.55,640.002476,2.204740191,0,0.1,2,0.075,1.128205128,0.550123406,86.36,0,0
71.075,640.7507536,2.399428221,0,0.075,6,0.025,1.256410256,0.453183732,95.74,0,0
68.875,668.9207898,2.20781661,0,0.075,6,0.025,1.256410256,0.453183732,95.74,0,0
73.2,614.395554,2.574717286,0,0.075,6,0,1.256410256,0.384311544,100,0,0
73.075,504.0950536,3.108188882,0.075,0.075,6,0,1.282051282,0.759840305,100,0,0
72.125,593.7042641,3.265306122,0.075,0.075,6,0,1.282051282,0.759840305,100,0,0
74.375,679.0196157,2.556106539,0.125,0.075,6,0,1.051282051,0.912814895,100,0,0
72.05,634.458238,2.705233587,0.125,0.125,6,0.05,1.179487179,1.182646949,92.31,0,0
71.1,634.6292659,2.364066194,0.15,0.1,6,0.05,1,1.154015773,91.3,0,0
67.225,654.9050778,2.579577533,0.1,0.125,6,0.05,1.230769231,1.113553767,92.45,0,0
68.625,788.4213308,2.504063612,0.125,0.15,6,0.05,1.358974359,1.259650862,92.98,0,0
61.65,717.8836734,2.837023152,0.075,0.175,6,0.1,1.333333333,1.204015773,85.71,0,0
64.7,843.7218975,2.868721825,0.1,0.175,6,0.05,1.58974359,1.259650862,93.65,0,0
67.27777778,1864.824302,21.59078197,0.027777778,0.083333333,539,0.055555556,16.42857143,0.669925001,5.7,0,94.13
58.16666667,1556.449711,22.3675839,0.111111111,0.444444444,472,0.277777778,17.97142857,1.816340114,2.4,0,97.51
36.21875,3716.809113,8.532489093,0.1875,0.625,410,0.53125,77.74193548,1.710584193,1.81,0,98.19
11.09090909,5622.434932,338.4495641,0,0.818181818,3545,0.818181818,7.6,0.684038436,0.01,0,99.99
38.325,1155.613266,24.79444604,0.075,0.5,172,0.475,17.23076923,1.448118631,2.32,0,97.55
29.95,1122.666099,28.50145416,0.1,0.675,172,0.625,20.94871795,1.456284851,1.4,0,98.6
24.025,1146.831586,30.89118144,0.125,0.85,172,0.75,23.84615385,1.151519136,0.85,0,99.15
32.7,8883.60158,20.92705327,0.2,0.8,1096,0.675,36.87179487,1.222138019,0.56,0,99.44
32.175,11124.22179,58.54309561,0.2,0.8,1096,0.675,86.07692308,1.222138019,0.11,0,99.89
32.175,11127.85342,67.57055859,0.2,0.8,1096,0.675,81,1.222138019,0.09,0,99.91
54.175,2036.006558,18.11886901,0.125,0.3,605,0.275,21.28205128,1.479295263,2.55,0,97.35
51,1981.800954,19.50496179,0.125,0.5,605,0.375,24.76923077,1.811278124,2.44,0,97.56
39.675,1968.75272,28.84221731,0.075,0.675,605,0.5,35.12820513,1.720322725,1.7,0,98.3
31.425,1567.511338,33.29255861,0.1,0.8,605,0.625,149.8205128,1.528230865,1.1,0,98.9
43.625,2269.592185,15.0906875,0.15,0.65,281,0.475,130.2564103,1.82513104,2.61,0,97.39
45.4,1865.444011,19.34417895,0.1,0.575,281,0.4,128.3589744,1.827998075,3.55,0,96.45
48.3,1892.641077,18.71458189,0.1,0.375,281,0.3,126.2051282,1.62160051,3.99,0,96.01
55,1895.215094,14.5850748,0.075,0.225,210,0.2,116.8974359,1.237907462,5.93,0,94.07
56.225,1910.267378,13.46122844,0.075,0.2,210,0.175,122.1794872,1.189732575,6.19,0,93.81
53.625,1686.854746,24.14125201,0.125,0.475,924,0.325,32.84615385,1.8412998,2.39,0,93.44
55.425,1681.061905,25.62296981,0.125,0.475,924,0.325,32.84615385,1.8412998,2.48,0,93.44
56.25,1695.045362,27.95709604,0.125,0.425,924,0.325,32.79487179,1.752577924,2.31,0,93.61
62.75,2003.850537,26.52914614,0.1,0.35,924,0.225,28.69230769,1.665766567,3.09,0,93.23
68.575,1721.564717,28.86555274,0.05,0.375,924,0.2,28.28205128,1.579592859,3.32,0,94.89
65.025,1304.057592,11.42282738,0,0.45,111,0.225,9.41025641,1.442774454,10.67,0,86.67
61.075,1291.956266,14.45061992,0,0.65,111,0.325,13.15384615,1.584068055,7.89,0,90.14
54.2,1264.077476,19.09695377,0,0.85,111,0.425,19.15384615,1.459840305,5.4,0,93.25
45.225,706.5672301,49.60175939,0,0.95,689,0.55,42.71794872,1.219240705,2.04,0,96.64
40.75,864.8295041,76.56465398,0.075,0.925,689,0.6,63.25641026,1.249435499,0.94,0,97.84
36.725,985.076282,93.82866531,0.1,0.9,689,0.65,90.1025641,1.236160254,0.56,0,97.85
33.375,998.185646,92.47137977,0.1,0.9,689,0.675,90.07692308,1.199145906,0.51,0,97.74
0,29315.32739,82.72472797,0,1,3234,1,3321.25,0,0,0,100
67.075,1005.564069,12.7021869,0.075,0.175,150,0.125,10.23076923,1.469784704,9.61,0,88.18
67.475,998.2857098,12.57549946,0.075,0.175,150,0.125,10.23076923,1.469784704,9.85,0,88.18
68.45,741.3924858,21.33789878,0.1,0.175,159,0.1,12.69230769,1.478897903,8.61,0,90.61
66.05,854.0671009,38.39248195,0.1,0.25,325,0.125,25.23076923,1.541532589,5.07,0,94.93
63.65,1030.284601,41.53028438,0.175,0.375,325,0.2,31.82051282,1.893469276,3.83,0,96.17
61.275,1108.642819,43.75890912,0.25,0.5,325,0.25,40.69230769,1.996387227,3.69,0,96.31
56.375,1211.560235,48.84183568,0.3,0.65,325,0.325,53.41025641,1.711222214,3.14,0,96.86
53.975,1264.852996,51.09106918,0.325,0.675,325,0.35,50.97435897,1.584068055,3.03,0,96.97
56.55,1266.762376,44.77977561,0.35,0.65,243,0.325,45.53846154,1.584068055,3.56,0,96.44
60.85,1350.723527,37.356692,0.275,0.525,243,0.25,36.02564103,1.988758681,4.34,0,95.66
63.25,1315.468533,33.56172014,0.225,0.4,243,0.2,30.05128205,1.943610996,4.56,0,95.44
46,2505.503442,66.64738212,0.333333333,0.666666667,869,0.555555556,112.875,1.351644115,0.17,97.74,0
39.90909091,4380.026696,38.31028466,0.363636364,0.636363636,869,0.545454545,115.8,1.322179346,0.14,98.1,0
70.05,765.0535724,11.35414927,0.05,0.075,165,0.025,27.56410256,0.733805455,19.12,80.88,0
69.275,338.0444507,3.311820652,0.025,0,1,0,0.948717949,0.168660931,100,0,0
69.6,340.3441546,3.39958159,0.025,0,1,0,0.948717949,0.168660931,100,0,0
66.1,1780.020569,18.92628549,0.05,0.15,317,0.075,7.58974359,1.03418372,6.15,92.88,0
69.35,1830.391817,15.98432505,0.05,0.2,317,0.075,15.74358974,1.182646949,6.45,92.58,0
70.325,1833.855389,16.00928074,0.025,0.2,317,0.075,15.79487179,1.073312755,6.6,92.43,0
71.375,1835.517734,16.70432537,0.025,0.2,317,0.075,15.79487179,1.073312755,6.6,92.43,0
70.25,1842.082287,17.10790931,0.025,0.2,317,0.075,15.79487179,1.073312755,6.6,92.43,0
74.95,636.3779915,3.273577553,0,0.05,2,0,1.051282051,0.286396957,100,0,0
73.95,522.1875283,4.130951152,0,0,1,0,1,0,100,0,0
69.825,148.8316873,4.550227511,0.025,0,1,0,0.948717949,0.168660931,97.44,0,0
69.8,143.9777738,4.560870074,0.025,0,1,0,0.948717949,0.168660931,100,0,0
68.1,122.9065832,5.022601708,0,0,1,0,1,0,100,0,0
71.825,217.5795227,33.98977466,0.025,0.125,317,0.025,9.128205128,0.79758468,11.7,88.3,0
71.25,481.2834977,59.22659834,0.05,0.275,317,0.075,25.38461538,1.343506843,4.33,95.67,0
69,1872.364442,38.38017528,0.15,0.35,390,0.15,35.94871795,1.785475297,2.58,95.99,0
69.225,2014.282324,43.00299759,0.15,0.425,510,0.175,49.02564103,1.875242877,1.94,97.01,0
67.75,2014.379142,43.0816474,0.15,0.425,510,0.175,49.02564103,1.875242877,1.94,97.01,0
77.35,2078.31851,78.72455025,0.025,0.525,1564,0.125,93.64102564,1.555220832,1.31,98.63,0
74.575,2059.679319,79.43080422,0.025,0.7,1564,0.2,94.76923077,1.609620352,1.25,97.75,1
72.45,2058.685229,77.84157889,0.025,0.7,1564,0.225,104.7179487,1.639585706,1.2,97.56,1
66.025,1824.068948,43.52197179,0.075,0.25,390,0.15,29.74358974,1.405762468,2.61,95.9,0
57.05,4011.054874,25.62158063,0,0.375,390,0.25,32.15384615,1.298794941,3.7,94.82,1.48
53.025,3988.706485,36.99851698,0.025,0.55,775,0.35,57.15384615,1.652182165,1.72,96.93,0.73
45.85714286,2754.267359,62.76012541,0.285714286,0.714285714,869,0.535714286,115.2592593,1.442604943,0.47,97.6,0
56.925,3287.726816,73.1030313,0.025,0.575,3545,0.275,226.5641026,1.69509565,0.75,98.63,0.28
57.2,3277.786002,69.34797377,0.025,0.5,3545,0.25,218.3846154,1.643198479,0.78,98.56,0.3
43.075,493.4901026,26.61806468,0.125,0.5,151,0.4,15.51282051,1.76660311,3.5,72.13,14.65
45.175,497.9119374,27.35496216,0.125,0.525,151,0.4,15.51282051,1.808871848,3.82,72.02,14.63
55.3,466.0787865,24.32404218,0.075,0.425,151,0.3,11.61538462,1.676362098,6.44,64.81,19.74
57.75,3135.850282,23.17374933,0.075,0.45,374,0.275,19.30769231,1.742659532,3.06,92.2,1.39
63.96428571,2002.732365,62.55293785,0.035714286,0.464285714,654,0.214285714,73.62962963,1.647918195,1.4,97.39,0.9
